321	0.01
15minutefood	0.11
30plusskincare	0.15
360waves	0.02
3dprinting	0.06
3ds	0.01
49ers	0.01
ebooks	0.00
a:t5_2i2sg6	0.01
a:t5_2u6zg	0.01
a:t5_2uv5j	0.00
aachen	0.01
aalborg	0.01
spaceporn	0.36
abbotsford	0.01
abrathatfits	0.07
abruptchaos	0.12
absoluteunits	0.01
acadiana	0.01
acadie	0.01
acapulco	0.00
accidentalcamouflage	0.14
acne	0.13
act	0.05
actionfigures	0.01
addidas	0.11
adelaide	0.01
adhd	0.00
adirondacks	0.01
artefactporn	0.23
adrenaline	0.04
advancedentrepreneur	0.04
advancedrunning	0.02
adviceanimals	0.04
aeiou	0.01
afl	0.01
africa	0.01
afrofuturism	0.03
ageofsigmar	0.01
historyporn	0.23
ahmedabad	0.01
airbnb	0.12
airdrie	0.01
airpods	0.13
aixmarseille	0.01
akron	0.01
akronoh	0.01
aktien	0.02
alabama	0.05
alameda	0.01
alaska	0.01
albania	0.02
albany	0.01
alberta	0.02
albufeira	0.00
architectureporn	0.21
albuquerque	0.01
aleague	0.01
alfaromeo	0.01
algeria	0.01
algonquinpark	0.01
algotrading	0.17
alicante	0.01
allen	0.01
alltheanimals	0.09
almere	0.01
alpharetta	0.01
alsace	0.01
alternativerock	0.12
altona	0.01
amarillo	0.00
foodporn	0.21
amcstock	0.02
amd	0.19
america	0.02
ames	0.00
amex	0.07
amiibo	0.01
amitheasshole	0.01
amman	0.01
amongus	0.05
amsterdam	0.03
amv	0.21
analog	0.17
anchorage	0.00
ancientcivilizations	0.05
andalucia	0.02
angelsbaseball	0.01
animalcrossing	0.02
animalcrossingtrading	0.02
toolporn	0.21
animalsbeingbros	0.33
animalsbeingderps	0.33
animalsbeinggeniuses	0.26
animalsbeingjerks	0.24
animalsonreddit	0.20
animaltextgifs	0.24
anime	0.31
anime_irl	0.42
animeart	0.51
animedubs	0.09
animefunny	0.48
animememes	0.48
animemusicvideos	0.33
animesketch	0.54
animesuggest	0.10
ankara	0.01
ankeny	0.01
annapolis	0.01
annarbor	0.01
annecy	0.00
annode	0.01
ansbach	0.00
antalya	0.01
anthropology	0.01
aotearoa_anarchism	0.00
apexlegends	0.22
apexoutlands	0.10
machineporn	0.19
appalachia	0.06
appalachiantrail	0.01
apple	0.48
appletv	0.10
applewatch	0.14
applyingtocollege	0.15
apstudents	0.07
architecture	0.12
exposureporn	0.18
arduino	0.01
argentina	0.06
arizona	0.08
arkansas	0.01
arlington	0.01
armenia	0.00
art	0.08
quotesporn	0.17
artificial	0.04
artificialinteligence	0.05
artisangifts	0.04
earthporn	0.17
asheville	0.01
asia	0.01
asianbeauty	0.06
asiatischkochen	0.00
asiatripper	0.00
askacademia	0.21
askagerman	0.01
askanamerican	0.19
askcarguys	0.06
askculinary	0.11
askeconomics	0.16
askelectronics	0.09
askeurope	0.09
askhr	0.03
asklinguistics	0.03
asklondon	0.05
askmen	0.46
askmenover30	0.12
askparents	0.09
askphilosophy	0.01
askphotography	0.06
askprogramming	0.01
askreddit	0.22
askscience	0.42
asksciencefiction	0.14
askswitzerland	0.02
askuk	0.04
askvet	0.03
askwomen	0.71
asozialesnetzwerk	0.01
assam	0.01
assholedesign	0.21
astoria	0.02
astronomy	0.21
astrophotography	0.38
astros	0.01
athens	0.01
atlanta	0.14
atlantahawks	0.01
auburn	0.01
auburndale	0.00
auckland	0.02
audi	0.03
bookdownloads	0.00
audiodrama	0.05
audioengineering	0.01
audiology	0.01
audiophile	0.17
audiopost	0.04
augenbleiche	0.00
augmentedreality	0.03
augsburg	0.01
augusta	0.01
auroraco	0.01
ausfinance	0.02
auslegal	0.09
austin	0.05
austinfood	0.02
australia	0.03
australianpolitics	0.01
austria	0.10
autodetailing	0.08
automate	0.03
autos	0.08
amateurroomporn	0.16
aves	0.06
aviation	0.04
carporn	0.16
awardtravel	0.06
awesome	0.17
aww	0.21
awwducational	0.35
azcardinals	0.01
azdiamondbacks	0.00
babiesreactingtostuff	0.01
babybumps	0.02
backcountry	0.03
backen	0.01
backpacking	0.30
backyardchickens	0.05
badart	0.12
baddesigns	0.17
badeconomics	0.13
badmuas	0.11
badparking	0.05
bahamas	0.00
bahiablanca	0.01
bahrain	0.01
bajacalifornia	0.02
bakersfield	0.01
bakur	0.01
baldwincountyal	0.00
bali	0.02
baltimore	0.02
bamberg	0.00
bangalore	0.02
bangtan	0.06
banjo	0.01
barbados	0.00
barber	0.03
barcelona	0.01
barrie	0.00
barstoolsports	0.01
bart	0.01
baseball	0.07
basingstoke	0.01
basketball	0.05
bassfishing	0.04
bath	0.01
batman	0.01
batonrouge	0.01
battlestations	0.09
bavaria	0.00
bayarea	0.12
bcstx	0.00
roomporn	0.15
beamazed	0.21
beards	0.11
beaumont	0.00
beauty	0.07
beautyboxes	0.13
beautyde	0.01
beautyguruchatter	0.04
beavercounty	0.01
beaverton	0.01
bedroompop	0.06
beermoney	0.14
beforenafteradoption	0.12
beginnerfitness	0.08
behindthetables	0.01
belfast	0.01
belgium	0.03
belize	0.00
bellevilleontario	0.00
bellevuewa	0.01
bellingham	0.01
belohorizonte	0.02
bend	0.00
bengals	0.01
bentonville	0.01
bergamo	0.00
bergen	0.01
berkeley	0.02
berlin	0.01
bestof	0.02
bestoflegaladvice	0.15
bettereveryloop	0.10
bookbinding	0.01
beyonce	0.05
beyondthebump	0.11
bicycling	0.03
bielefeld	0.01
bigbear	0.01
bigbendtx	0.01
bigboye	0.07
biggreenegg	0.01
bih	0.01
bihar	0.02
bikinibottomtwitter	0.06
billiards	0.02
billieeilish	0.08
billings	0.00
biloxi	0.00
binance	0.26
binghamton	0.01
biology	0.27
biologymemes	0.02
birding	0.07
birdswitharms	0.20
birmingham	0.02
bisbee	0.01
bishop	0.00
bitcoin	0.57
bitcoinbeginners	0.27
bjj	0.04
blackmagicfuckery	0.10
blackopscoldwar	0.07
blackpeoplegifs	0.05
blackpink	0.05
blackstonegriddle	0.02
blender	0.01
blogs	0.03
bloomington	0.00
bloomingtonnormal	0.00
blop	0.04
blumenau	0.00
blursedimages	0.07
bmw	0.04
bmx	0.01
boardgames	0.03
panporn	0.15
bocaraton	0.01
bodybuilding	0.33
bodymods	0.03
bodyweightfitness	0.24
boerne	0.01
boise	0.01
bokunoheroacademia	0.10
bolivia	0.01
bologna	0.00
bonair	0.00
bonehurtingjuice	0.07
bonn	0.01
cabinporn	0.13
bettermentbookclub	0.01
booknooks	0.01
bookshelf	0.01
bookporn	0.02
fashionporn	0.12
bookhaul	0.04
comicbookmovies	0.04
audiobooks	0.04
boopablenosies	0.02
bordeaux	0.01
boringcompany	0.07
boruto	0.02
bosnia	0.01
bossiercity	0.00
boston	0.14
bostonbruins	0.01
bostonceltics	0.02
shittyfoodporn	0.12
boulder	0.02
bouldering	0.03
bournemouth	0.01
bowlinggreen	0.00
boxoffice	0.15
bradenton	0.01
braga	0.00
brampton	0.01
bransonmo	0.01
brasil	0.11
braves	0.01
breadit	0.07
breath_of_the_wild	0.01
breckenridge	0.01
brescia	0.00
bretagne	0.02
brewers	0.01
botanicalporn	0.11
brighton	0.01
bristol	0.03
britishcolumbia	0.03
brno	0.00
broadripple	0.01
brochet	0.01
brooklyn	0.01
broward	0.01
browns	0.01
brownsville	0.01
brum	0.03
brunei	0.01
brushcalligraphy	0.05
brussels	0.01
bruxellesmabelle	0.00
btc	0.13
buccaneers	0.01
buccos	0.00
buckhead	0.01
buckinghamshire	0.01
buckscountypa	0.01
budapest	0.01
buddhism	0.08
budgetcooking	0.12
budgetfood	0.12
buecher	0.01
buenzli	0.02
buffalo	0.01
buffalobills	0.01
buildapc	0.52
bujo	0.05
bulgaria	0.02
bullcity	0.01
bulletjournal	0.03
bundesliga	0.03
burbank	0.02
burleson	0.00
burlington	0.01
burlingtonon	0.01
burnaby	0.01
burnhamoncrouch	0.00
business	0.04
business_ideas	0.06
businessintelligence	0.04
butlerpa	0.01
buyitforlife	0.05
c25k	0.00
retrogameporn	0.11
cablemanagement	0.01
weatherporn	0.11
cadillac	0.01
cagayandeoro	0.00
cairns	0.01
cakedecorating	0.02
calgary	0.03
calgaryflames	0.00
california	0.10
calligraphy	0.13
callofduty	0.17
calvinandhobbes	0.02
cambridge	0.01
cambridgema	0.01
campfirecooking	0.01
camping	0.32
campingandhiking	0.30
canada	0.09
canadacoronavirus	0.02
canberra	0.01
cancun	0.01
canes	0.00
canterbury	0.01
canton	0.00
capecoral	0.00
capetown	0.01
caps	0.00
cardiff	0.01
cardinals	0.01
careeradvice	0.05
careerguidance	0.15
carlsbad	0.01
carpfishing	0.02
houseporn	0.11
carrolltontx	0.00
cars	0.22
carsoncity	0.00
cartalk	0.06
cary	0.01
cascadia	0.01
castlerock	0.01
castles	0.03
casualconversation	0.09
casualiama	0.16
casualnintendo	0.01
catadvice	0.03
catalonia	0.01
catalunya	0.02
catfaceplant	0.10
catfishing	0.03
catpics	0.17
cats	0.18
catsareassholes	0.11
catskills	0.01
catsonkeyboards	0.10
catsstandingup	0.07
catswhoyell	0.08
catswithdogs	0.13
catswithjobs	0.18
cawwsplay	0.20
cedarpark	0.01
cedarrapids	0.00
celle	0.00
designporn	0.09
centralcoast	0.01
centralillinois	0.01
centrallouisiana	0.00
centralvalley	0.02
centuryhomes	0.01
cesky	0.01
cfb	0.05
chambana	0.00
chameleons	0.01
champaign	0.01
champaignurbana	0.01
championship	0.01
chandleraz	0.01
changemyview	0.04
chapelhill	0.00
charcoal	0.02
charcuterieboard	0.01
chargers	0.01
charleston	0.01
charlotte	0.04
charlottehornets	0.01
charlottesville	0.01
chattanooga	0.01
chch	0.01
cheap_meals	0.11
chemistry	0.09
chemnitz	0.00
chennai	0.03
chennaicity	0.01
chesapeake	0.00
chesapeakebay	0.01
chesterfield	0.01
chesterfieldva	0.01
chevy	0.01
cheyenne	0.00
chiapas	0.01
chiba	0.01
chibears	0.01
chicago	0.10
chicagobulls	0.02
chicagosuburbs	0.02
chickfila	0.02
chicoca	0.00
chicubs	0.01
childfreefriendships	0.01
chile	0.06
china	0.03
chodi	0.01
chonkers	0.08
choosingbeggars	0.00
chromeos	0.07
chulavista	0.01
climbingporn	0.09
churning	0.05
cider	0.02
cincinnati	0.02
cinemagraphs	0.15
citruscountyflorida	0.00
mapporn	0.09
clarksville	0.00
classicalmusic	0.00
cleaningtips	0.03
clearlake	0.01
clearwaterfl	0.01
clermontfd	0.00
cleveland	0.03
clevelandindians	0.01
clevelandtn	0.00
climbharder	0.03
climbing	0.05
beachporn	0.09
cluj	0.00
coachellavalley	0.00
coconutcreek	0.01
codwarzone	0.30
coeurdalene	0.01
coffee	0.15
cofounder	0.03
college	0.14
collegebasketball	0.03
collegestation	0.01
collinsbeach	0.00
cologne	0.00
colombia	0.06
colorado	0.06
coloradorockies	0.00
coloradosprings	0.01
colorization	0.20
colts	0.01
columbiamd	0.01
columbiamo	0.00
columbiasc	0.01
columbus	0.03
columbusga	0.01
combinedgifs	0.05
whatsthatbook	0.05
fractalporn	0.08
comicbookporn	0.06
comics	0.05
compsci	0.21
computerengineering	0.02
computervision	0.03
conanexiles	0.04
concordnc	0.01
confession	0.41
confidence	0.10
congratslikeimfive	0.01
connecticut	0.08
conroe	0.01
conservative	0.07
contagiouslaughter	0.16
controltheory	0.02
conwayar	0.00
conyers	0.00
fractalporn	0.13
cookingforbeginners	0.11
cookingtonight	0.09
coolcollections	0.02
coolguides	0.03
copenhagen	0.01
copypasta	0.00
cordoba	0.02
corgi	0.10
cork	0.01
corona	0.01
coronabr	0.03
coronalouisville	0.01
coronamena	0.00
coronanc	0.01
coronanetherlands	0.03
coronanl	0.00
coronaspain	0.00
coronavirus_bc	0.01
coronavirus_belgium	0.00
coronavirus_espanol	0.01
coronavirus_ireland	0.01
coronavirus_italia	0.00
coronavirus_ky	0.01
coronavirus_nz	0.01
coronavirus_ph	0.03
coronavirusab	0.01
coronavirusafrica	0.00
coronavirusal	0.00
coronavirusalabama	0.01
coronavirusargentina	0.02
coronavirusatlanta	0.01
coronavirusatx	0.01
coronavirusaustralia	0.02
coronavirusaz	0.03
coronavirusbr	0.00
coronavirusbrazil	0.01
coronavirusca	0.02
coronaviruscanada	0.00
coronaviruscfl	0.01
coronaviruscleveland	0.01
coronaviruscolorado	0.02
coronavirusdach	0.01
coronavirusdownunder	0.04
coronavirusegypt	0.01
coronaviruseu	0.00
coronavirusfl	0.01
coronavirusflorida	0.01
coronavirusfr	0.01
coronavirusfrance	0.01
coronavirusga	0.02
coronavirusgermany	0.01
coronavirushawaii	0.01
coronavirushou	0.01
coronavirusidaho	0.01
coronavirusillinois	0.04
coronavirusindiana	0.01
coronavirusindianews	0.01
coronavirusindy	0.01
coronavirusisrael	0.01
coronaviruskansas	0.00
coronaviruskc	0.01
coronaviruskentucky	0.01
coronavirusks	0.01
coronaviruslasvegas	0.01
coronaviruslouisiana	0.01
coronavirusma	0.02
coronavirusme	0.01
coronavirusmexico	0.01
coronavirusmichigan	0.03
coronavirusmidwest	0.00
coronavirusmn	0.01
coronavirusmontreal	0.00
coronavirusnebraska	0.00
coronavirusnevada	0.01
coronavirusnewmexico	0.00
coronavirusnewyork	0.03
coronavirusns	0.00
coronavirusnv	0.01
coronavirusoc	0.01
coronavirusoh	0.01
coronavirusohio	0.01
coronavirusoklahoma	0.01
coronavirusoregon	0.01
coronaviruspa	0.01
coronaviruspt	0.01
coronavirusro	0.00
coronavirusromania	0.00
coronavirussac	0.01
coronavirussandiego	0.01
coronavirussc	0.02
coronavirusscotland	0.01
coronavirussouth	0.00
coronavirusswe	0.01
coronavirustn	0.03
coronavirustx	0.02
coronavirusut	0.01
coronavirusva	0.00
coronavirusvic	0.02
coronaviruswa	0.04
coronaviruswi	0.01
corpus	0.01
corpuschristi	0.01
corvallis	0.01
cosmology	0.01
cosplayers	0.36
cosplayprops	0.22
costarica	0.04
cottagecore	0.01
councilbluffs	0.00
counterstrikede	0.00
couponing	0.02
couriersofreddit	0.01
covid19_ohio	0.01
covid19australia	0.01
covid19europe	0.01
covid19morocco	0.01
covid19pgh	0.01
covid19ru	0.01
covid19utah	0.01
covidcincinnati	0.01
covidmx	0.02
cowboybebop	0.07
cowboys	0.02
coyotes	0.00
cozy	0.10
cozyplaces	0.19
crafts	0.12
creativewriting	0.06
creditcards	0.19
creepy	0.06
creepydesign	0.20
creepygaming	0.04
creepypasta	0.10
creepywikipedia	0.09
crete	0.00
cricket	0.01
criminology	0.01
criticalrole	0.02
croatia	0.04
crochet	0.03
crochetpatterns	0.02
cross_stitch	0.01
crossfit	0.07
crossstitch	0.02
croydon	0.02
crunchyroll	0.25
cryptocurrency	0.34
cryptocurrencymemes	0.21
cryptomoonshots	0.24
cryptotechnology	0.28
cscareerquestions	0.07
css_irl	0.01
cuddlepuddle	0.03
autumnporn	0.08
cumbria	0.01
curitiba	0.02
curlygirl	0.07
curlyhair	0.09
customkeyboards	0.01
cutouts	0.06
cuu	0.01
cyberpunkgame	0.04
cybersecurity	0.02
cypresstx	0.01
cyprus	0.01
cypruspics	0.00
czech	0.07
czechrepublic	0.01
dachschaden	0.01
dachshund	0.06
daddit	0.06
dadforaminute	0.01
dadjokes	0.69
daheim	0.01
dailydouble	0.01
dallas	0.09
dallasstars	0.00
dalmatia	0.00
daltonga	0.01
danbury	0.01
dankvideos	0.46
darthjarjar	0.03
dartmoor	0.01
datahoarder	0.07
dataisbeautiful	0.35
datascience	0.12
dating	0.46
dating_advice	0.69
datingoverfifty	0.02
datingoverforty	0.02
datingoverthirty	0.30
davao	0.01
davisca	0.00
dayton	0.01
daytonabeach	0.01
daytrading	0.24
dbz	0.09
dc_cinematic	0.01
dccomics	0.05
de	0.05
de_edv	0.01
de_iama	0.01
de_netflix	0.01
de_podcasts	0.00
deadbydaylight	0.04
deathmetal	0.00
debtfree	0.01
decaturga	0.00
decidingtobebetter	0.13
declutter	0.16
deepdream	0.03
deepintoyoutube	0.55
deeplearning	0.03
defectivedetectives	0.01
dehydrating	0.02
delafield	0.00
deland	0.01
delaware	0.02
delawareoh	0.01
delco	0.01
delft	0.00
delhi	0.06
delraybeach	0.01
democrats	0.06
denmark	0.07
denton	0.02
denver	0.05
denverbroncos	0.01
denvernuggets	0.01
depression	0.01
derby	0.01
derrylondonderry	0.00
winterporn	0.08
design	0.06
designjobs	0.06
designmyroom	0.12
bridgeporn	0.08
desirepath	0.01
desmoines	0.01
infraredporn	0.08
destin	0.00
destiny2	0.03
destinythegame	0.06
churchporn	0.07
detrashed	0.03
detroit	0.04
detroitlions	0.01
detroitpistons	0.01
detroitredwings	0.00
devils	0.00
devonuk	0.01
diamondpainting	0.06
didntknowiwantedthat	0.11
digitalnomad	0.06
digitalpainting	0.11
dionysos	0.00
dirtbikes	0.01
dirty530	0.01
disney	0.21
disneyland	0.10
distantsocializing	0.13
divorcedbirds	0.03
diwhy	0.17
diy	0.52
diyuk	0.12
djs	0.01
dmacademy	0.01
dmtoolkit	0.01
dnd	0.03
dndbehindthescreen	0.03
dndiy	0.01
dndmaps	0.02
dndnext	0.02
documentaries	0.59
dodge	0.01
dodgers	0.01
doener	0.00
doesanybodyelse	0.48
dogecoin	0.21
dogpictures	0.14
dogs	0.14
dogsandplants	0.11
dogtraining	0.03
dominican	0.04
dontstarve	0.05
dota2	0.05
dothan	0.00
downriver	0.01
dramatichouseplants	0.03
drawing	0.10
drawmytattoo	0.16
dreampop	0.04
drenthe	0.00
dresden	0.01
drunkencookery	0.05
fossilporn	0.07
dtm	0.00
dubai	0.03
duluth	0.00
dumfriesandgalloway	0.01
dunedinflorida	0.01
durban	0.01
durham	0.00
duschgedanken	0.01
dvdcollection	0.11
dyinglight	0.07
springporn	0.06
booksuggestions	0.08
eastbay	0.01
eastside	0.01
easttexas	0.01
eatcheapandhealthy	0.66
eatcheapandvegan	0.10
eau_claire	0.00
ebonyimagination	0.03
52book	0.09
ecology	0.01
economichistory	0.16
economics	0.28
economy	0.17
edinburgh	0.02
edm	0.09
edmond	0.00
edmonton	0.02
edmontonoilers	0.00
education	0.01
educationalgifs	0.12
eesti	0.01
egersund	0.00
egypt	0.03
eindhoven	0.01
electricians	0.05
electricityisscary	0.02
electricvehicles	0.00
electronicmusic	0.08
elkgrove	0.01
elkhart	0.01
elonmusk	0.20
elpaso	0.02
elsalvador	0.04
eltern	0.00
elyria	0.00
embroidery	0.13
empiredidnothingwrong	0.03
energy	0.02
infrastructureporn	0.06
engineeringstudents	0.06
ensenada	0.01
entertainment	0.41
entitledparents	0.09
entrepreneur	0.06
entrepreneurridealong	0.05
erie	0.00
erlangen	0.00
es	0.01
escapefromtarkov	0.05
escondido	0.01
esports	0.00
espresso	0.09
essex	0.04
esslingen	0.01
ethtrader	0.36
etymology	0.01
eugene	0.01
europefire	0.01
europes	0.01
europetravel	0.02
euroskincare	0.00
evansville	0.00
everett	0.01
everglades	0.01
everymanshouldknow	0.10
evilbuildings	0.09
excel	0.08
exmoor	0.01
expectationvsreality	0.08
explainlikeimfive	0.24
explainmydownvotes	0.06
garageporn	0.05
eyebleach	0.16
mineralporn	0.05
facepainting	0.06
fairbanks	0.00
falcons	0.01
falklandislands	0.01
familiesyouchoose	0.01
family	0.07
fancyfollicles	0.06
fanfiction	0.04
fantasy	0.17
fantasybball	0.02
fantasyfootball	0.03
fantasyhockey	0.01
fantasypl	0.19
fantasywriters	0.10
fantheories	0.30
fargo	0.00
penmanshipporn	0.04
fastfood	0.04
fayettenam	0.01
fayetteville	0.01
fayettevillear	0.01
fcbayern	0.01
femalefashionadvice	0.18
femalehairadvice	0.11
femalelivingspace	0.09
fiaustralia	0.02
fictionalpsychology	0.14
fierceflow	0.02
fifa	0.01
fife	0.01
fijian	0.01
filme	0.01
filmmakers	0.44
financialcareers	0.12
financialindependence	0.02
financialplanning	0.03
finanzen	0.01
findapath	0.06
findareddit	0.09
findfashion	0.15
finedining	0.04
finland	0.01
firenze	0.00
humanporn	0.03
firewater	0.02
firstmarathon	0.02
fishers	0.01
fishing	0.06
fishing_gear	0.04
fishingontario	0.01
fitness	0.43
fitnessde	0.01
fixit	0.05
flensburg	0.00
flights	0.03
flint	0.01
florence	0.00
florenceky	0.01
florida	0.03
floridacoronavirus	0.10
floridacovid19	0.01
floridakeys	0.01
floridapanthers	0.00
flyfishing	0.03
folsom	0.01
food	0.13
foodhacks	0.36
foodlosangeles	0.02
organizationporn	0.03
foodsandiego	0.02
footballcards	0.01
footscray	0.01
ford	0.01
formerpizzahuts	0.01
formula1	0.02
fortcollins	0.01
fortlauderdale	0.02
fortmyers	0.01
fortnitebr	0.10
fortnitecompetitive	0.11
fortsaskatchewan	0.01
fortwayne	0.01
fortworth	0.05
artporn	0.02
fountainpens	0.02
fpvracing	0.01
adporn	0.02
fragrance	0.04
fragreddit	0.02
france	0.12
frankfurt	0.04
frederickmd	0.01
freecompliments	0.02
freeebooks	0.23
freefood	0.09
freelance	0.05
fremont	0.01
fresno	0.01
fridgedetective	0.01
friendshipadvice	0.02
frisco	0.01
frisson	0.00
frugal	0.23
frugalfemalefashion	0.20
frugalmalefashion	0.19
ftsmithar	0.00
fullmetalalchemist	0.08
funkopop	0.02
funny	0.78
fussball	0.02
futurology	0.15
g2esports	0.01
gadgets	0.22
gahanna	0.01
galveston	0.01
galway	0.00
game	0.02
gameboy	0.01
gameofthrones	0.07
gamerpals	0.01
dessertporn	0.02
games	0.13
gameswap	0.03
gaming	0.18
gamingdetails	0.04
gamingpc	0.04
bonsaiporn	0.02
gardening	0.32
garten	0.01
gastonia	0.00
gatesopencomeonin	0.02
gatineau	0.01
geartrade	0.02
geckos	0.01
abandonedporn	0.02
geelong	0.01
genk	0.00
genshin_impact	0.06
gent	0.00
geocaching	0.01
albumartporn	0.02
georgetowntx	0.01
georgia	0.04
germanmemes	0.03
germanrap	0.02
germanshepherds	0.02
germany	0.05
germanypics	0.01
germusic	0.01
geschichte	0.01
getdisciplined	0.15
getemployed	0.08
getmotivated	0.20
getmotivatedbuddies	0.06
getstudying	0.05
ghana	0.01
ghoststories	0.06
gifrecipes	0.16
gifs	0.16
gifsthatendtoosoon	0.06
gifsthatkeepongiving	0.04
gilbert	0.01
gimp	0.05
glamourschool	0.06
glasgow	0.03
glitch_art	0.06
glitchinthematrix	0.03
globaloffensive	0.08
gloucestershire	0.01
gme	0.01
gmu	0.01
gnv	0.01
goa	0.00
goldcoast	0.02
goldenkamuy	0.05
goldenknights	0.00
golf	0.01
gonets	0.02
google	0.15
googlehome	0.11
googlepixel	0.09
gorving	0.01
gotha	0.00
gothenburg	0.01
gradadmissions	0.02
gradschool	0.04
graffiti	0.15
grandcanyon	0.01
grandrapids	0.01
graphic_design	0.16
graphicnovels	0.07
gravityfalls	0.08
greece	0.02
greenbay	0.00
greenbaypackers	0.01
greensburg	0.01
greenville	0.01
grilledcheese	0.05
grillen	0.01
grilling	0.04
grossepointe	0.01
growmybusiness	0.05
grunge	0.01
gso	0.01
gtaonline	0.07
guam	0.00
guangzhou	0.01
guatemala	0.03
guayaquil	0.03
guelph	0.01
guineapigs	0.04
guitar	0.12
gwinnett	0.01
gymmotivation	0.07
haarlem	0.01
habs	0.00
hacking	0.29
hagen	0.01
hair	0.11
haircarescience	0.11
hairdye	0.09
halifax	0.01
halo	0.08
hamburg	0.00
hamilton	0.01
hammockcamping	0.01
hampshire	0.01
hamptonroads	0.01
handmade	0.03
handwriting	0.19
hannover	0.02
happycowgifs	0.02
happycrowds	0.08
happycryingdads	0.05
happyrelationships	0.02
happytrees	0.00
happyvalley	0.01
harajuku	0.01
harare	0.00
hardcorenature	0.07
hardrock	0.01
hardware	0.35
hardwareswap	0.01
harrisburg	0.01
harrogate	0.01
hartford	0.01
hartlepool	0.01
hattiesburg	0.00
hawaii	0.02
hawkesbay	0.00
hawks	0.00
hbo	0.16
headbangtothis	0.01
headlineworthy	0.08
headphoneadvice	0.04
headphones	0.18
healthyfood	0.50
hearthstone	0.04
heat	0.02
heidelberg	0.01
suggestmeabook	0.24
help	0.22
helsinki	0.01
heroesofthestorm	0.02
heronebag	0.02
herowarsapp	0.01
herrenberg	0.00
hfy	0.02
highdesert	0.01
highereducation	0.01
highqualitygifs	0.53
hiking	0.23
hildesheim	0.01
hillsboro	0.01
hiphop101	0.19
hiphopvinyl	0.17
history	0.22
historymemes	0.68
viewporn	0.02
hobbydrama	0.04
hoboken	0.02
hockey	0.01
hockeyplayers	0.01
hololive	0.12
homeautomation	0.13
homebrewing	0.03
homedecorating	0.19
homedefense	0.02
homegym	0.14
homeimprovement	0.40
homeschool	0.03
homestead	0.25
hometheater	0.13
hongkong	0.04
honolulu	0.01
horror	0.10
horrorlit	0.09
horses	0.01
hotsprings	0.01
houseplants	0.16
houseplantsuk	0.05
summerporn	0.02
houston	0.06
howto	0.51
howtonotgiveafuck	0.14
hrvatska	0.02
huddersfield	0.01
hudsonoh	0.01
hudsonvalley	0.01
hue	0.03
hull	0.01
hulu	0.15
apocalypseporn	0.02
humansaremetal	0.05
humansbeingbros	0.18
humboldt	0.00
hungary	0.05
hunterxhunter	0.10
huntsvillealabama	0.01
husum	0.00
hutchinson	0.00
hyderabad	0.02
hydrohomies	0.02
hyperscape	0.04
hypotheticalsituation	0.04
iama	0.24
icefishing	0.02
iceland	0.01
ich_iel	0.01
idaho	0.01
idahofalls	0.00
idiotsincars	0.07
idontworkherelady	0.13
ieper	0.00
ifyoulikeblank	0.07
iiiiiiitttttttttttt	0.01
illegallysmolcats	0.11
illinois	0.03
illustration	0.18
imaginaryarchitecture	0.11
imaginaryaww	0.05
imaginethisview	0.02
imperialvalley	0.01
incorgnito	0.06
india	0.02
indiana	0.09
indianacovid19	0.01
indianapolis	0.03
indianews	0.01
indie	0.14
indie_rock	0.12
indiefolk	0.09
indiegameswap	0.03
indieheads	0.17
indonesia	0.01
indoorgarden	0.08
indycar	0.03
earthlingporn	0.02
avporn	0.02
inlandempire	0.03
insightfulquestions	0.03
instantpot	0.04
powerwashingporn	0.02
instruments	0.01
insurance	0.01
intel	0.19
interestingasfuck	0.14
interiordecorating	0.09
internetfriends	0.02
internetisbeautiful	0.07
internetparents	0.01
introverts	0.16
iowa	0.01
iowacity	0.01
iphone	0.24
ipswichuk	0.00
iraq	0.04
ireland	0.06
irezumi	0.01
irleastereggs	0.01
irvine	0.01
islamabad	0.01
isleofwight	0.00
islington	0.01
israel	0.04
istanbul	0.03
italy	0.03
itcareerquestions	0.07
ithaca	0.00
itookapicture	0.24
iwantout	0.16
iwanttolearn	0.16
izmir	0.02
jacksonms	0.00
jacksonville	0.02
jaguars	0.01
jailbreak	0.01
jaipur	0.01
jamaica	0.01
jammu	0.00
japanlife	0.07
japanpics	0.07
japantravel	0.13
jasper	0.00
javascript	0.23
jeffersonparish	0.01
jerseycity	0.01
jobs	0.13
jobsearchhacks	0.01
johannesburg	0.02
jokes	0.77
jonesboro	0.00
joplinmo	0.00
jordan	0.02
journalingisart	0.01
judo	0.02
juizdefora	0.00
justrolledintotheshop	0.10
jylland	0.01
kamloops	0.00
kampfsport	0.01
kanata	0.01
kansas	0.01
kansascity	0.02
kansascitybeer	0.01
kansascitychiefs	0.02
karmacourt	0.04
kayakfishing	0.03
kayaking	0.01
kazakhstan	0.01
kcroyals	0.00
kdrama	0.05
kelowna	0.01
kenosha	0.01
kent	0.01
kentucky	0.06
kentuk	0.01
kenya	0.02
kerala	0.04
kerbalspaceprogram	0.04
keto	0.25
ketobeginners	0.04
ketoscience	0.17
keyboard	0.01
khajiithaswares	0.05
khiphop	0.03
kia	0.00
kichijoji	0.01
kilkenny	0.00
kindle	0.04
kings	0.01
kingstonontario	0.00
kingwood	0.00
kissimmee	0.01
kitchener	0.01
kittengifs	0.03
gamerporn	0.02
knoxville	0.01
kochen	0.02
koina	0.02
kolkata	0.02
kombucha	0.06
kona	0.00
korea	0.04
korea_covid_19	0.01
koreanvariety	0.03
koronawirus	0.00
kortrijk	0.01
kosovo	0.01
kpics	0.04
kpop	0.18
krakow	0.00
kreisliga	0.00
kurdistan	0.01
kuwait	0.01
kyoto	0.01
kzoo	0.01
labrats	0.12
laclippers	0.01
lacrossewi	0.00
ladiesofscience	0.02
ladybusiness	0.03
lafayette	0.00
lafayettela	0.00
lagerfeuer	0.00
lahore	0.01
lajolla	0.01
lakealfred	0.01
lakecharles	0.00
lakeland	0.01
streetartporn	0.02
laketahoe	0.01
lakewood	0.01
laliga	0.01
lamaine	0.00
lamborghini	0.01
lancaster	0.01
landscaping	0.15
langley	0.01
languagelearning	0.03
languagetechnology	0.02
lansing	0.01
laredo	0.01
larioja	0.00
lascruces	0.01
lasvegas	0.02
lausanne	0.00
destructionporn	0.02
lawncare	0.14
lawrence	0.01
lawschool	0.03
lawschooladmissions	0.02
leafs	0.01
leagueoflegends	0.25
leander	0.01
learnart	0.03
learnjapanese	0.06
learnjavascript	0.02
learnmachinelearning	0.03
learnmusic	0.01
learnprogramming	0.30
learnspanish	0.02
learnuselesstalents	0.04
leathercraft	0.05
lebanon	0.01
leduc	0.00
leeds	0.02
legaladvice	0.21
legaladvicecanada	0.08
legaladviceeurope	0.09
legaladvicegerman	0.01
legaladviceofftopic	0.12
legaladviceuk	0.08
legostarwars	0.03
lehighvalley	0.01
leicester	0.01
leiden	0.01
leipzig	0.01
leiria	0.00
lethbridge	0.00
letsgofish	0.00
letstalkmusic	0.14
leuven	0.00
lexington	0.01
lexus	0.01
lfg	0.01
libya	0.00
lifehacks	0.87
lifeprotips	0.27
lifting	0.14
likeus	0.16
lille	0.01
lima	0.00
limerickcity	0.01
lincoln	0.01
linkoping	0.00
linux	0.01
linz	0.00
lisboa	0.01
listentothis	0.02
literature	0.17
littlerock	0.01
livonia	0.00
lofihiphop	0.21
logan	0.00
london	0.18
londonontario	0.01
londonsocialclub	0.07
longbeach	0.04
longbeachisland	0.00
longboarding	0.02
longdistance	0.19
longevity	0.03
longhair	0.08
longisland	0.03
longmont	0.01
longueuil	0.01
losangeles	0.17
losangelesrams	0.01
loseit	0.19
losmochis	0.00
lostwave	0.01
lotr	0.01
louiesloops	0.01
louisiana	0.01
louisville	0.01
lsat	0.02
ltb_iel	0.01
lubbock	0.00
lubbocktx	0.00
lucknow	0.01
lynchburg	0.00
lyon	0.01
maastricht	0.00
mac	0.15
machinelearning	0.40
geekporn	0.02
macon	0.01
ruralporn	0.02
mademesmile	0.26
madisonwi	0.01
madrid	0.01
magiceye	0.08
magnetfishing	0.02
maine	0.01
mainz	0.01
majesticmanes	0.02
makenewfriendshere	0.15
makeup	0.19
makeupaddiction	0.18
makeupaddictioncanada	0.05
makeupaddictionuk	0.10
makeupexchange	0.12
malaga	0.01
malaysia	0.05
malefashionadvice	0.35
malefashionmarket	0.08
malegrooming	0.15
malehairadvice	0.03
malelivingspace	0.18
malepolish	0.04
maliciouscompliance	0.03
malta	0.00
malvern	0.01
manchester	0.07
mangacollectors	0.35
mangacoloring	0.16
mangadeals	0.25
mangafr	0.10
manganews	0.23
mangaswap	0.24
manhwa	0.24
manitoba	0.01
mannheim	0.01
cityporn	0.02
marburg	0.00
maricopa	0.01
marietta	0.01
marin	0.01
marinebiology	0.01
mariners	0.00
mario	0.02
marketing	0.03
markham	0.01
marriage	0.18
marvel	0.35
marvelmemes	0.68
marvelstudios	0.41
marvelstudiosspoilers	0.28
maryland	0.06
mashups	0.01
massachusetts	0.06
math	0.09
mathmemes	0.22
matureplants	0.13
mauerstrassenwetten	0.01
maui	0.00
mauritius	0.01
mavericks	0.01
mawinstallation	0.02
maybemaybemaybe	0.10
mba	0.02
mbti	0.05
mcat	0.02
mckinney	0.01
mcmansionhell	0.01
me_irl	0.11
mead	0.02
mealprepsunday	0.10
mealtimevideos	0.35
mechanicadvice	0.15
mechanicalkeyboards	0.01
mechmarket	0.01
medellin	0.02
medford	0.01
medfordma	0.01
medicalschool	0.06
medievalcats	0.11
medway	0.01
seaporn	0.02
melbourne	0.08
melbournefl	0.00
memeeconomy	0.10
memes	0.77
memphis	0.02
memphisgrizzlies	0.01
mequon	0.01
mercedes_benz	0.03
merthyrtydfil	0.00
mesaaz	0.01
mesquitetx	0.01
metal	0.01
metalcore	0.01
metaldetecting	0.00
f1porn	0.02
metalworking	0.03
metaquebec	0.01
metrodetroit	0.01
metroid	0.01
metz	0.00
mexicali	0.01
mexico	0.17
miami	0.05
miamidolphins	0.01
michigan	0.13
michoacan	0.01
microfishing	0.02
fireporn	0.02
microsoft	0.00
midessa	0.00
mildlyinteresting	0.10
mildlysatisfying	0.13
milford	0.01
military	0.02
miltonkeynes	0.01
milwaukee	0.01
minecraft	0.40
minecraftde	0.01
microporn	0.02
minimalism	0.10
minipainting	0.15
minneapolis	0.02
minnesota	0.07
minnesotatwins	0.00
minnesotavikings	0.01
minnetonka	0.01
mississauga	0.01
mississippi	0.04
missoula	0.00
missouri	0.01
mitsubishi	0.01
mkd	0.01
mkebucks	0.02
mls	0.05
mma	0.07
mobileal	0.01
mobilerepair	0.01
moderatepolitics	0.06
modernwarfare	0.12
modesto	0.01
mohavecounty	0.01
moldlyinteresting	0.03
moldova	0.01
mommit	0.08
moncton	0.00
mongolia	0.02
monroe	0.02
monroemi	0.01
monsteroftheweek	0.01
montana	0.00
montenegro	0.00
montereybay	0.00
monterrey	0.04
montgomery	0.00
montgomerycountymd	0.02
montpellier	0.01
montreal	0.03
morocco	0.02
morrisville	0.01
mosses	0.05
mostbeautiful	0.14
motivation	0.08
motocamping	0.01
motocross	0.01
motorcitykitties	0.00
skyporn	0.02
motorcycles	0.05
motorcyclesroadtrip	0.01
motorsport_de	0.00
moustache	0.02
moviedetails	0.27
movies	0.66
moviesinthemaking	0.19
mspaint	0.08
mspaintsartrace	0.06
engineeringporn	0.02
muaonthecheap	0.16
muenster	0.01
muglife	0.08
mumbai	0.06
muncie	0.00
munich	0.03
murfreesboro	0.01
museumofreddit	0.01
music	0.21
musicforconcentration	0.10
musicforrpg	0.01
musicproduction	0.02
musictheory	0.01
muskogee	0.00
myrtlebeach	0.01
n64	0.01
nachrichten	0.03
nacogdoches	0.00
nagpur	0.01
nailart	0.14
nailpolish	0.09
nails	0.12
nairn	0.00
nanaimo	0.00
nancy	0.00
nantes	0.01
napa	0.01
naperville	0.01
naples_fl	0.01
napoli	0.01
naruto	0.16
nasa	0.25
nascar	0.04
nashville	0.05
nationalpark	0.01
nationals	0.01
naturalhair	0.09
natureisfuckinglit	0.51
naturfreunde	0.01
nba	0.19
nbaspurs	0.01
ncov	0.01
nebraska	0.01
neckbeard	0.01
nepa	0.01
nepal	0.02
nerdtattoos	0.02
netflix	0.28
netflixbestof	0.24
netflixwitcher	0.02
neuralink	0.04
neuralnetworks	0.03
neuroscience	0.02
neutralpolitics	0.09
nevada	0.01
newalbanyin	0.01
newbedford	0.01
newforest	0.01
newfoundland	0.00
newhampshire	0.02
newhaven	0.01
newiberia	0.00
newjersey	0.10
newmexico	0.01
newnan	0.01
neworleans	0.01
newparents	0.03
news	0.10
newsporn	0.02
newtoreddit	0.17
newtown	0.01
newyork	0.03
newyorkislanders	0.00
newyorkmets	0.01
newzealand	0.02
nfl	0.06
nfl_draft	0.02
nflgifs	0.01
nft	0.01
nhl	0.02
nicaragua	0.01
nigeria	0.03
nijmegen	0.01
nike	0.19
nintendo	0.02
nintendoswitch	0.39
nissan	0.01
nofap	0.00
nola	0.01
nolapelicans	0.01
nolawns	0.02
nomansskythegame	0.05
nonononoyes	0.21
nopoo	0.06
norcal	0.04
nordiccountries	0.00
norfolk	0.01
normandie	0.01
normanok	0.01
northampton	0.01
northcarolina	0.14
northcarolinacovid	0.01
northcounty	0.01
northdakota	0.01
northernireland	0.02
northernnewengland	0.01
northwestarkansas	0.00
norway	0.02
norwich	0.01
nosleep	0.11
nostupidquestions	0.05
nottheonion	0.63
nottingham	0.02
nova	0.04
novascotia	0.01
npr	0.06
nurnberg	0.01
nursing	0.01
nutrition	0.57
nvidia	0.24
nwi	0.01
nyc	0.19
nyccoronavirus	0.01
nygiants	0.01
nyjets	0.01
nyyankees	0.01
oakland	0.01
oaklandathletics	0.00
oakville	0.01
oaxaca	0.01
ocala	0.01
oceancity	0.00
oceancitynewjersey	0.01
oculus	0.01
oddlysatisfying	0.19
oddlyspecific	0.19
oddlyterrifying	0.10
odense	0.00
odisha	0.01
offmychest	0.01
ogden	0.01
ohio	0.13
oilpainting	0.11
okanagan	0.00
okc	0.01
oklahoma	0.02
olathe	0.01
oldbabies	0.00
oldphotosinreallife	0.05
olympia	0.01
omaha	0.01
oman	0.00
onebag	0.08
onepiece	0.02
onepunchman	0.13
onewheel	0.01
ontario	0.08
orangecounty	0.09
orangetheory	0.00
oregon	0.02
oregoncoast	0.01
organicgardening	0.10
ridesporn	0.02
orioles	0.00
orlando	0.02
orlandomagic	0.01
ornithology	0.05
oscars	0.00
oshawa	0.01
oslo	0.01
osu	0.01
ottawa	0.02
oulu	0.00
outaouais	0.00
outdoors	0.46
outdoorsgear	0.03
outoftheloop	0.21
overlanding	0.01
overlandpark	0.01
overlord	0.01
overwatch	0.13
owensboro	0.00
oxygennotincluded	0.03
pacers	0.01
pacificcresttrail	0.01
pacificnorthwest	0.01
padres	0.01
paintings	0.13
paisley	0.01
pakistan	0.02
palaceclothing	0.15
paladins	0.03
paleo	0.01
palestine	0.02
palmcoast	0.01
palmy	0.00
panama	0.03
pankow	0.01
hellscapeporn	0.02
panthers	0.01
papaplatte	0.01
paraguay	0.01
parana	0.03
paranormal	0.10
parenting	0.29
paris	0.03
parkcity	0.01
parrots	0.05
pasadena	0.01
pasco	0.01
patriots	0.02
pattaya	0.01
pcbaumeister	0.01
pcgaming	0.03
pcmasterrace	0.25
pcmods	0.03
pearland	0.01
pei	0.00
peine	0.01
pelletgrills	0.02
pelotoncycle	0.04
pembrokepines	0.01
penang	0.01
penguins	0.01
technologyporn	0.01
pennsylvania	0.13
pennystocks	0.19
penpals	0.01
pensacola	0.01
pensacolabeach	0.01
peoplefuckingdying	0.11
peoriail	0.00
peptalkswithpops	0.02
perfectfit	0.22
perfectloops	0.06
perfectlycutscreams	0.09
personalfinance	0.39
personalfinancecanada	0.08
perth	0.03
peterborough	0.00
petitefashionadvice	0.07
petoskey	0.00
pettyrevenge	0.02
peugeot	0.00
pflugerville	0.01
phclassifieds	0.04
philadelphia	0.12
philippines	0.13
phillies	0.01
philosophy	0.16
phoenix	0.06
photocritique	0.13
photography	0.30
photoshop	0.12
photoshopbattles	0.15
photoshoprequest	0.10
photoshoptutorials	0.12
physics	0.12
piano	0.01
pics	0.23
piercing	0.07
pinellas	0.01
pinkcity	0.01
pittsburgh	0.03
pittsburghcoronashame	0.01
planners	0.05
plano	0.02
plantclinic	0.10
plasticfreeliving	0.03
playark	0.05
playdate	0.01
playmygame	0.04
playrust	0.07
plotholes	0.18
pocatello	0.00
podcasts	0.12
poem	0.04
poetry	0.19
pokemon	0.25
pokemonart	0.12
pokemongo	0.20
pokemongofriends	0.00
pokemonhome	0.00
pokemonswordandshield	0.08
pokemontrades	0.07
poland	0.07
politicaldiscussion	0.15
politics	0.18
polska	0.09
pontypridd	0.00
popartnouveau	0.05
popheads	0.15
portland	0.04
portlandme	0.01
porto	0.01
portstlucie	0.00
portugal	0.02
pourpainting	0.09
povertyfinance	0.25
powerlifting	0.08
villageporn	0.01
prague	0.01
prattville	0.01
premed	0.02
premierleague	0.41
prequelmemes	0.07
prescott	0.00
pressurecooking	0.04
princegeorge	0.00
printsf	0.04
prishtina	0.00
privacy	0.01
productgif	0.09
productivity	0.20
programmerhumor	0.01
programming	0.33
progresspics	0.20
projectors	0.01
projectrunway	0.03
providence	0.01
provoutah	0.00
ps4	0.70
ps5	0.63
psychology	0.13
pubattlegrounds	0.15
puebla	0.04
pueblo	0.00
puertorico	0.02
puertovallarta	0.00
pune	0.02
punk	0.01
pupliftingnews	0.16
puppy101	0.06
puppysmiles	0.17
putaneggonit	0.05
qatar	0.01
quadcities	0.00
quebec	0.04
quebeccity	0.01
queens	0.01
queretaro	0.01
quilling	0.01
quilting	0.01
waterporn	0.01
radiology	0.01
raiders	0.01
rainbow6	0.11
raleigh	0.02
randomactsofkindness	0.05
rangers	0.01
rapbattles	0.18
rarepuppers	0.16
rasalkhaimah	0.01
raspberry_pi	0.05
ravens	0.01
reactiongifs	0.28
reading	0.03
readwithme	0.06
realestate	0.01
realestateinvesting	0.31
reallifedoodles	0.07
recht	0.00
recipegifs	0.07
recipes	0.25
reclaimedbynature	0.01
reddeer	0.00
redding	0.01
redditinthekitchen	0.12
redditlaqueristas	0.11
redditmasterclasses	0.08
redditserials	0.05
redditsessions	0.12
redlands	0.00
redmond	0.01
redneckengineering	0.01
redrivergorge	0.01
reds	0.01
redsox	0.01
regensburg	0.01
regina	0.01
relationship_advice	0.87
relationships	0.00
remscheid	0.01
reno	0.01
repaintings	0.07
reptiles	0.02
republicaargentina	0.05
repurposedbuildings	0.08
restaurant	0.06
resumes	0.08
macroporn	0.01
retrobattlestations	0.01
steamporn	0.01
retrogameswap	0.03
retrogaming	0.03
reykjavik	0.00
rhodeisland	0.02
richardson	0.01
richmondbc	0.01
rickandmorty	0.13
uniformporn	0.01
ridiculousrealestate	0.01
ringofelysium	0.03
riodejaneiro	0.04
riograndevalley	0.02
ripcity	0.01
riverside	0.01
rmnp	0.01
rnb	0.07
roadcam	0.04
roadtrip	0.23
roanoke	0.00
robinhood	0.18
robotics	0.06
robots	0.02
rochester	0.01
rochestermn	0.00
rock	0.01
rocketleague	0.05
rocketleagueesports	0.01
rocketleagueexchange	0.03
rockets	0.01
rockford	0.00
roermond	0.01
rojava	0.01
rolla	0.00
roma	0.01
romania	0.09
romega	0.01
cableporn	0.01
rosario	0.01
rosenheim	0.00
roseville	0.01
roswell	0.01
rotterdam	0.01
rouen	0.01
roundrock	0.01
royaloak	0.01
rozelle	0.01
rpg	0.02
rpg_gamers	0.02
rpgdesign	0.01
rpgrecordings	0.01
running	0.14
culinaryporn	0.01
russia	0.03
rva	0.02
rvliving	0.01
sabres	0.00
sacramento	0.04
sacredgeometry	0.06
saginaw	0.00
sahp	0.03
saintpaul	0.01
saints	0.01
saiyanpeopletwitter	0.24
sakartvelo	0.01
salem	0.01
salemma	0.01
saltash	0.01
saltillo	0.01
saltlakecity	0.03
saltonsea	0.01
samegrassbutgreener	0.01
samplehunters	0.01
sanantonio	0.05
sanantoniocoronavirus	0.01
sandiego	0.07
sanfrancisco	0.06
sanjose	0.03
sanmarcos	0.01
santabarbara	0.01
santaclarita	0.01
santacruz	0.01
santafe	0.01
santamaria	0.00
santarosa	0.01
santiago	0.03
saopaulo	0.08
sarasota	0.01
saskatchewan	0.00
saskatoon	0.01
sat	0.06
satire_de_en	0.01
saultstemarie	0.00
savannah	0.01
savedyouaclick	0.08
scandinavianinterior	0.06
scarymovies	0.06
scenesfromahat	0.01
science	0.44
scienceofdeduction	0.02
scifi	0.20
scottsdale	0.02
scranton	0.00
screenwriting	0.11
seahawks	0.01
retailporn	0.01
seattle	0.08
seattlewa	0.04
seevetal	0.01
seki	0.00
selfimprovement	0.35
senegal	0.00
serbia	0.03
settlethisforme	0.05
sewing	0.04
sfgiants	0.01
sfv	0.01
sfx	0.17
shawnee	0.00
sheetmusic	0.01
sheffield	0.02
shelbyky	0.01
sherbrooke	0.00
sherwoodpark	0.01
shingekinokyojin	0.09
shitty_car_mods	0.10
shittyaskscience	0.09
shittyfantheories	0.22
instrumentporn	0.01
shittyrobots	0.03
shoes	0.22
shoestring	0.12
shokugekinosoma	0.05
shortcircuit	0.11
shortscarystories	0.09
shoujo	0.22
showerthoughts	1.07
shreveport	0.01
siegen	0.01
siliconslopes	0.01
silverspring	0.01
silverton	0.01
simpleliving	0.14
sims4	0.00
simulated	0.01
singapore	0.08
singularity	0.05
siouxcity	0.00
siouxfalls	0.00
siquirres	0.01
sixers	0.01
skateboarding	0.03
skelmersdale	0.01
skiing	0.06
skilledtrades	0.01
skincare_addiction	0.28
skincareaddictionuk	0.09
skincareaddicts	0.20
knifeporn	0.01
sleep	0.02
slo	0.01
slovakia	0.03
slovenia	0.01
slowcooking	0.13
smallbusiness	0.15
smarthome	0.02
smartthings	0.03
smashbros	0.01
smite	0.03
smoking	0.03
sneakerfits	0.02
sneakermarket	0.02
sneakers	0.33
snek	0.02
snowboarding	0.09
snowshoeing	0.01
socal	0.02
soccer	0.36
soccercirclejerk	0.06
sochi	0.00
socialparis	0.02
socialskills	0.29
socks	0.02
sofia	0.01
softwaregore	0.13
solotravel	0.33
somalia	0.01
somebodymakethis	0.04
somerville	0.01
somethingimade	0.09
sonos	0.02
sorocaba	0.00
sousvide	0.02
southafrica	0.01
southampton	0.01
southasia	0.01
southbayla	0.01
southcarolina	0.07
southdakota	0.00
southernillinois	0.01
southernutah	0.01
southflorida	0.02
southjersey	0.04
southshore	0.00
southwales	0.01
southwark	0.01
spabiergang	0.00
space	0.46
desertporn	0.01
spacefrogs	0.00
lakeporn	0.01
spacex	0.27
spacexlounge	0.07
spain	0.03
sparen	0.01
spartanburg	0.01
specart	0.04
specializedtools	0.11
speyer	0.00
spiderman	0.01
spokane	0.01
sports	0.34
sportsarefun	0.01
teaporn	0.01
springfield	0.01
springfieldil	0.00
springfieldmo	0.01
springfieldor	0.00
metalporn	0.01
sprinting	0.00
sqdc	0.01
srilanka	0.02
srilankacovid19	0.01
lavaporn	0.01
stalbert	0.01
stardewvalley	0.02
motorcycleporn	0.01
starterpacks	0.32
startledcats	0.11
startrekgifs	0.03
startups	0.17
starvstheforcesofevil	0.06
starwars	0.08
starwarscollecting	0.03
starwarseu	0.04
starwarsleaks	0.04
starwarsrebels	0.03
starwarsspeculation	0.03
starwarstattoo	0.07
stateofriodejaneiro	0.02
stationf	0.01
statistics	0.11
staugustine	0.01
stcatharineson	0.01
stcharlesmo	0.01
mtgporn	0.01
steelers	0.02
steinbach	0.00
stephenking	0.01
stepschallenge	0.04
steubenville	0.00
steuern	0.01
stevenspass	0.01
stlouis	0.03
stlouisblues	0.00
stockholm	0.02
stockmarket	0.28
stocks	0.51
stockton	0.01
stockx	0.02
stpetersburgfl	0.02
strangerthings	0.02
strasbourg	0.02
streamen	0.01
animalporn	0.01
streeteats	0.05
streetfoodartists	0.05
streetwear	0.39
streetwearstartup	0.18
strength_training	0.17
stroudsburg	0.01
stthomasontario	0.00
student	0.01
studentloans	0.04
studentnurse	0.01
studyabroad	0.01
studying	0.01
studytips	0.01
stuttgart	0.02
subnautica	0.08
subredditdrama	0.04
subwaycreatures	0.04
succulents	0.10
sudbury	0.00
suggestalaptop	0.01
comicbooks	0.28
suisse	0.01
megalithporn	0.01
summervillesc	0.00
suns	0.02
sunshinecoast	0.01
suomi	0.02
superathletegifs	0.03
superstonk	0.16
surffishing	0.02
surrey	0.01
survival	0.29
sushi	0.05
swansea	0.01
sweatypalms	0.11
sweatystartup	0.04
swfl	0.01
swindon	0.01
switzerland	0.08
sydney	0.04
sympatheticmonsters	0.04
syracuse	0.01
sysadmin	0.02
tabletoplive	0.03
tabs	0.01
tacloban	0.01
tacoma	0.02
tahoe	0.00
taiwan	0.04
talentshow	0.07
talesfromcallcenters	0.02
talesfromcavesupport	0.01
talesfrommedicine	0.02
talesfromretail	0.03
talesfromsecurity	0.02
talesfromtechsupport	0.03
talesfromthecustomer	0.02
talesfromthefrontdesk	0.03
talesfromthejob	0.03
talesfromthekitchen	0.02
talesfromthepharmacy	0.02
talesfromthepizzaguy	0.02
talesfromthesquadcar	0.02
talesfromyourserver	0.02
tallahassee	0.00
tamilnadu	0.03
tampa	0.03
tampabay	0.01
tampabaylightning	0.00
tampabayrays	0.00
tampere	0.00
tattoodesigns	0.22
tattoos	0.44
tauranga	0.01
tax	0.01
tbilisi	0.01
tea	0.10
teachers	0.02
teamliquid	0.01
cemeteryporn	0.01
teardroptrailers	0.01
tech	0.00
technews	0.02
technology	0.33
geologyporn	0.01
techsupport	0.10
techsupportgore	0.01
techsupportmacgyver	0.01
teesside	0.01
agricultureporn	0.01
temecula	0.01
tempe	0.01
tennessee	0.02
tennesseetitans	0.01
tennis	0.04
tensorflow	0.01
terraria	0.08
books	0.36
teslainvestorsclub	0.02
teslamotors	0.20
spaceflightporn	0.01
texans	0.01
texarkana	0.00
texas	0.06
texascoronavirus	0.01
texasrangers	0.01
tf2	0.04
thailand	0.03
thatsinsane	0.08
theadventurezone	0.01
theartiststudio	0.09
thebachelor	0.01
thebrewery	0.02
thecritshow	0.03
thedarwinproject	0.03
thefrontrange	0.01
thegamerlounge	0.15
thegirlsurvivalguide	0.03
thehague	0.01
thehopyard	0.02
themandaloriantv	0.09
thenetherlands	0.17
theocho	0.01
thereifixedit	0.01
thesilphroad	0.06
thessaloniki	0.01
thetron	0.00
thewoodlands	0.01
theydidthemath	0.16
theyoushow	0.19
thingsforants	0.03
thisismylifemeow	0.07
thisisourmusic	0.02
thriftstorehauls	0.20
thunder	0.01
ticos	0.04
tifu	0.22
tijuana	0.02
tiktokcringe	0.13
tili	0.01
timberwolves	0.01
timelapse	0.06
tinder	0.17
tinyunits	0.02
tipofmyjoystick	0.03
tipofmytongue	0.10
tippytaps	0.04
tirol	0.00
toastme	0.01
todayilearned	0.47
toddlers	0.07
toledo	0.01
tomorrowland	0.06
sportsporn	0.01
tools	0.13
topeka	0.00
topgear	0.01
toptalent	0.04
torino	0.01
toronto	0.07
torontobluejays	0.01
torontoraptors	0.01
totallynotrobots	0.03
toulon	0.01
tours	0.00
toyota	0.01
trackandfield	0.02
trackballs	0.01
traeger	0.02
trailmeals	0.01
trailrunning	0.03
transcribe	0.01
trapmuzik	0.16
trapproduction	0.04
trashpandas	0.07
travel	0.14
travelblogging	0.01
travelhacks	0.02
travelnopics	0.02
travelpartners	0.02
treasurecoast	0.00
treasurehunting	0.01
triangle	0.01
triathlon	0.01
tricities	0.00
tricitieswa	0.00
trier	0.01
trippinthroughtime	0.03
troisrivieres	0.00
trondheim	0.00
troutfishing	0.03
truckcampers	0.01
truckers	0.01
trucks	0.01
truecrimediscussion	0.00
truecrimepodcasts	0.12
truefilm	0.01
tucson	0.02
tucuman	0.01
tulsa	0.01
tunisia	0.01
turkey	0.08
tuscaloosa	0.01
twincities	0.02
twincitiessocial	0.01
twosentencehappiness	0.05
twosentencehorror	0.04
txoutdoors	0.01
tylertx	0.01
uae	0.02
uberdrivers	0.03
uganda	0.00
ukhiphopheads	0.13
ukpersonalfinance	0.10
ukulele	0.01
ultralight	0.11
ultramarathon	0.01
ultrarunning	0.02
underwaterphotography	0.02
unexpected	0.18
televisionposterporn	0.01
unitedkingdom	0.06
university	0.01
universityofreddit	0.02
unnecessaryinventions	0.13
unresolvedmysteries	0.00
unstirredpaint	0.10
upcycling	0.03
upholstery	0.01
upliftingnews	0.26
urbandesign	0.09
urbanexploration	0.13
urbanhell	0.10
ussoccer	0.01
utah	0.03
utahjazz	0.01
utrecht	0.01
vaguns	0.03
valdosta	0.01
valencia	0.01
valorant	0.13
vancouver	0.05
vancouverisland	0.01
vancouverwa	0.01
vandwellers	0.27
vanlife	0.02
vantaa	0.00
vauxhall	0.00
vegan	0.07
vegande	0.01
veganerezepte	0.01
vegas	0.03
vegetablegardening	0.02
vegetarischde	0.01
vegetarischkochen	0.00
venezia	0.01
ventura	0.00
venturacounty	0.01
venturecapital	0.03
verdun	0.01
vermont	0.01
vesterbro	0.01
vestfold	0.00
viana	0.00
victoriabc	0.01
videoediting	0.05
videos	0.22
vietnam	0.04
boatporn	0.01
starshipporn	0.01
villanova	0.01
vilnius	0.01
vintageapple	0.01
vintagefashion	0.03
vinyl	0.12
virginia	0.08
virginiabeach	0.01
virtualreality	0.02
visakhapatnam	0.00
visalia	0.00
viseu	0.01
visualnovels	0.21
vitoriaes	0.01
volkswagen	0.02
vzla	0.01
waco	0.01
waiheke	0.00
wales	0.05
wallonia	0.01
wallpaper	0.07
wallstreetbets	0.55
waltdisneyworld	0.12
waltham	0.01
wanderlust	0.03
warrington	0.01
warriors	0.03
warsaw	0.01
warthunder	0.02
washington	0.01
washingtondc	0.07
washingtonnfl	0.01
washingtonwizards	0.01
washmo	0.01
wasletztepreis	0.03
watchandlearn	0.05
watchpeopledieinside	0.10
watchpeoplesurvive	0.12
watercolor	0.13
watercooling	0.01
waterford	0.01
waterloo	0.01
drydockporn	0.01
waukesha	0.01
waxsealers	0.05
wearethemusicmakers	0.02
stadiumporn	0.01
weaving	0.01
webcomics	0.05
webdev	0.17
weddingsunder10k	0.01
weeaboo	0.23
weeabootales	0.24
weed	0.00
weimar	0.00
weirdlit	0.02
weirdtoilets	0.01
welding	0.04
westallis	0.01
westbend	0.01
westchester	0.01
westchesterpa	0.01
westernaustralia	0.02
westernnyhiking	0.00
westerville	0.00
westhartford	0.01
westvirginia	0.03
wetshaving	0.02
wewantcups	0.01
wewantplates	0.05
whatcouldgowrong	0.45
whatisthispainting	0.09
whatshouldicook	0.09
terriblefacebookmemes	0.46
whatsthisbird	0.08
whatsthisbug	0.07
whatsthisfish	0.03
whatsthisplant	0.18
whatsthisrock	0.04
whatsthissnake	0.03
whatswrongwithyourcat	0.09
whatswrongwithyourdog	0.13
whereintheworld	0.11
whitehall	0.00
whitesox	0.01
wholesomebpt	0.06
wholesomegifs	0.12
wholesomememes	0.68
wholesomesf	0.01
wholesomevandalism	0.01
whowouldwin	0.03
wichita	0.01
wicked_edge	0.01
wien	0.01
wigglebutts	0.11
wildernessbackpacking	0.02
wildhockey	0.00
wilmington	0.01
wilmingtonde	0.01
windsorontario	0.01
winemaking	0.02
winnipeg	0.01
winnipegjets	0.00
winstonsalem	0.01
winterpark	0.01
teslaporn	0.01
wisconsin	0.06
wnc	0.01
wollongong	0.01
womenshealth	0.03
womensstreetwear	0.34
woodworking	0.42
woooosh	0.08
worcesterma	0.01
worksop	0.01
worldbuilding	0.06
worldcup	0.01
worldnews	0.12
wow	0.03
wrexham	0.01
writing	0.24
writingprompts	0.19
wroclawnsfw	0.00
wuerzburg	0.01
wuppertal	0.02
xboxone	0.50
xboxseriesx	0.41
xcountryskiing	0.01
xxfitness	0.12
yakima	0.00
yalit	0.10
yarnaddicts	0.02
yellowstone	0.01
yemen	0.01
yoga	0.11
york	0.01
yorkcountypa	0.01
yosemite	0.01
youngstown	0.01
youseeingthisshit	0.10
youshouldknow	0.26
youtubehaiku	0.37
ypsi	0.01
zacatecas	0.02
zamboanga	0.00
zanzibar	0.00
zelda	0.06
zerowaste	0.14
zionnationalpark	0.01
zoomies	0.09
zurich	0.01
zwolle	0.01